season,k,rho_true,rho_sir,sir_failed,rho_hgb,rho_cnn,rho_lstm,rho_transformer
1997-98,10,0.5788,0.5073,False,0.3928,0.4992,0.5940,0.4093
1997-98,15,0.5788,0.6822,False,0.5989,0.5886,0.5940,0.5945
1997-98,20,0.5788,0.7178,False,0.6525,0.5427,0.5940,0.5652
1997-98,25,0.5788,0.3628,False,0.5873,0.5563,0.5940,0.5657
1997-98,30,0.5788,0.3458,False,0.6213,0.5413,0.5940,0.5659
1998-99,10,0.5985,0.1431,False,0.4769,0.5538,0.5931,0.3631
1998-99,15,0.5985,0.6858,False,0.4445,0.5528,0.5931,0.4809
1998-99,20,0.5985,0.7554,False,0.6476,0.6770,0.5931,0.5944
1998-99,25,0.5985,0.4239,False,0.6693,0.6083,0.5931,0.5965
1998-99,30,0.5985,0.3482,False,0.6634,0.6294,0.5931,0.5967
1999-00,10,0.6656,0.6883,False,0.6383,0.6475,0.5904,0.5116
1999-00,15,0.6656,0.7872,False,0.7133,0.7150,0.5904,0.6382
1999-00,20,0.6656,0.3647,False,0.7071,0.7014,0.5904,0.6329
1999-00,25,0.6656,0.3516,False,0.6852,0.6448,0.5904,0.6334
1999-00,30,0.6656,0.3496,False,0.6755,0.6351,0.5904,0.6337
2000-01,10,0.4935,0.5388,False,0.4203,0.4661,0.5976,0.4852
2000-01,15,0.4935,0.6769,False,0.5217,0.5227,0.5976,0.5570
2000-01,20,0.4935,0.6884,False,0.4883,0.5383,0.5976,0.4830
2000-01,25,0.4935,0.3312,False,0.4626,0.5377,0.5976,0.4770
2000-01,30,0.4935,0.3253,False,0.4555,0.5123,0.5976,0.4743
2001-02,10,0.3729,0.1611,False,0.4316,0.5207,0.6025,0.4441
2001-02,15,0.3729,0.5790,False,0.3784,0.5300,0.6025,0.4217
2001-02,20,0.3729,0.6409,False,0.4610,0.5540,0.6025,0.3968
2001-02,25,0.3729,0.2919,False,0.4056,0.5436,0.6025,0.3912
2001-02,30,0.3729,0.2578,False,0.4054,0.5342,0.6025,0.3876
2002-03,10,0.3733,0.1592,False,0.3387,0.4385,0.6025,0.4035
2002-03,15,0.3733,0.4794,False,0.3024,0.3760,0.6025,0.3830
2002-03,20,0.3733,0.5884,False,0.4298,0.3902,0.6025,0.3697
2002-03,25,0.3733,0.2739,False,0.4115,0.3480,0.6025,0.3610
2002-03,30,0.3733,0.2397,False,0.4145,0.3148,0.6025,0.3577
2003-04,10,0.8328,0.8328,False,0.7494,0.7841,0.5837,0.8907
2003-04,15,0.8328,0.6128,False,0.8670,0.8731,0.5837,0.8640
2003-04,20,0.8328,0.4874,False,0.8505,0.8218,0.5837,0.8655
2003-04,25,0.8328,0.4763,False,0.7875,0.7281,0.5837,0.8664
2003-04,30,0.8328,0.4745,False,0.7879,0.7012,0.5837,0.8670
2004-05,10,0.5601,0.1746,False,0.4698,0.4772,0.5951,0.4330
2004-05,15,0.5601,0.6755,False,0.5114,0.4300,0.5951,0.4289
2004-05,20,0.5601,0.7192,False,0.5548,0.5675,0.5951,0.5561
2004-05,25,0.5601,0.4108,False,0.4645,0.5386,0.5951,0.5508
2004-05,30,0.5601,0.3430,False,0.4781,0.5378,0.5951,0.5503
2005-06,10,0.3598,0.5800,False,0.3760,0.4977,0.6036,0.4759
2005-06,15,0.3598,0.6587,False,0.4846,0.5247,0.6036,0.4194
2005-06,20,0.3598,0.3215,False,0.5029,0.5387,0.6036,0.3662
2005-06,25,0.3598,0.3082,False,0.4881,0.5052,0.6036,0.3774
2005-06,30,0.3598,0.2829,False,0.4862,0.4799,0.6036,0.3731
2006-07,10,0.3855,0.5647,False,0.5345,0.5975,0.6026,0.4996
2006-07,15,0.3855,0.6390,False,0.4412,0.5661,0.6026,0.4232
2006-07,20,0.3855,0.6320,False,0.4143,0.6270,0.6026,0.4006
2006-07,25,0.3855,0.3135,False,0.3419,0.5087,0.6026,0.3991
2006-07,30,0.3855,0.2944,False,0.3607,0.4840,0.6026,0.3976
2007-08,10,0.6392,0.2041,False,0.5454,0.5122,0.5926,0.4745
2007-08,15,0.6392,0.2846,False,0.4199,0.4347,0.5926,0.4434
2007-08,20,0.6392,0.7129,False,0.5791,0.6333,0.5926,0.6395
2007-08,25,0.6392,0.4998,False,0.5652,0.5711,0.5926,0.6496
2007-08,30,0.6392,0.3725,False,0.5762,0.5844,0.5926,0.6509
2008-09,10,0.4498,0.5491,False,0.5193,0.4367,0.6002,0.4551
2008-09,15,0.4498,0.5775,False,0.3671,0.3815,0.6002,0.4168
2008-09,20,0.4498,0.6128,False,0.3956,0.4447,0.6002,0.3962
2008-09,25,0.4498,0.4808,False,0.4133,0.4015,0.6002,0.3895
2008-09,30,0.4498,0.2659,False,0.3842,0.4014,0.6002,0.3866
2009-10,10,0.8981,0.8365,False,0.8462,0.9280,0.5824,0.8783
2009-10,15,0.8981,0.8390,False,0.8567,0.9128,0.5824,0.8774
2009-10,20,0.8981,0.8474,False,0.8883,0.8906,0.5824,0.8767
2009-10,25,0.8981,0.8567,False,0.8948,0.8567,0.5824,0.8761
2009-10,30,0.8981,0.8618,False,0.8917,0.8316,0.5824,0.8757
2010-11,10,0.5228,0.6634,False,0.4499,0.6113,0.5973,0.5587
2010-11,15,0.5228,0.7090,False,0.5611,0.6549,0.5973,0.5347
2010-11,20,0.5228,0.7220,False,0.6290,0.6819,0.5973,0.5372
2010-11,25,0.5228,0.3996,False,0.4979,0.5926,0.5973,0.5353
2010-11,30,0.5228,0.3790,False,0.5118,0.5950,0.5973,0.5351
2011-12,10,0.2704,0.1832,False,0.4455,0.5236,0.6085,0.4775
2011-12,15,0.2704,0.2184,False,0.3827,0.4402,0.6085,0.4491
2011-12,20,0.2704,0.2221,False,0.3831,0.4193,0.6085,0.4227
2011-12,25,0.2704,0.2611,False,0.3443,0.3798,0.6085,0.4084
2011-12,30,0.2704,0.2217,False,0.3724,0.3774,0.6085,0.4030
2012-13,10,0.7103,0.7215,False,0.6467,0.7514,0.5901,0.8203
2012-13,15,0.7103,0.7869,False,0.7448,0.7946,0.5901,0.7148
2012-13,20,0.7103,0.4860,False,0.7395,0.7564,0.5901,0.6493
2012-13,25,0.7103,0.4555,False,0.7200,0.7237,0.5901,0.6495
2012-13,30,0.7103,0.4487,False,0.7201,0.7268,0.5901,0.6500
2013-14,10,0.5172,0.6773,False,0.6639,0.7401,0.5981,0.5728
2013-14,15,0.5172,0.7422,False,0.6415,0.7381,0.5981,0.5817
2013-14,20,0.5172,0.3695,False,0.6719,0.7244,0.5981,0.5544
2013-14,25,0.5172,0.3493,False,0.6897,0.7115,0.5981,0.5536
2013-14,30,0.5172,0.3492,False,0.6887,0.7044,0.5981,0.5532
2014-15,10,0.7208,0.7098,False,0.7695,0.6197,0.5896,0.6195
2014-15,15,0.7208,0.7828,False,0.7247,0.7365,0.5896,0.6882
2014-15,20,0.7208,0.4799,False,0.6962,0.7410,0.5896,0.6408
2014-15,25,0.7208,0.4446,False,0.7108,0.7344,0.5896,0.6417
2014-15,30,0.7208,0.4402,False,0.6645,0.7325,0.5896,0.6431
2015-16,10,0.4234,0.3891,False,0.4341,0.5814,0.6019,0.5160
2015-16,15,0.4234,0.2770,False,0.4372,0.5170,0.6019,0.4686
2015-16,20,0.4234,0.5900,False,0.4096,0.5262,0.6019,0.3950
2015-16,25,0.4234,0.6013,False,0.4872,0.5148,0.6019,0.4298
2015-16,30,0.4234,0.3061,False,0.4400,0.5517,0.6019,0.4206
2016-17,10,0.5605,0.6274,False,0.6164,0.7040,0.5956,0.5575
2016-17,15,0.5605,0.6887,False,0.4914,0.7225,0.5956,0.5434
2016-17,20,0.5605,0.7077,False,0.6042,0.7366,0.5956,0.5494
2016-17,25,0.5605,0.4485,False,0.5686,0.7072,0.5956,0.5487
2016-17,30,0.5605,0.3992,False,0.5828,0.7039,0.5956,0.5488
2017-18,10,0.9192,0.7038,False,0.5830,0.6753,0.5811,0.6036
2017-18,15,0.9192,0.7827,False,0.6616,0.7674,0.5811,0.7759
2017-18,20,0.9192,0.8046,False,0.8101,0.8669,0.5811,0.8560
2017-18,25,0.9192,0.6044,False,0.8173,0.8749,0.5811,0.8600
2017-18,30,0.9192,0.5535,False,0.8246,0.8795,0.5811,0.8622
2018-19,10,0.6403,0.3234,False,0.6594,0.6626,0.5917,0.5681
2018-19,15,0.6403,0.7071,False,0.5418,0.6435,0.5917,0.5405
2018-19,20,0.6403,0.7202,False,0.6616,0.7025,0.5917,0.5852
2018-19,25,0.6403,0.5493,False,0.6281,0.6660,0.5917,0.5885
2018-19,30,0.6403,0.4574,False,0.6418,0.7061,0.5917,0.5894
2019-20,10,0.8667,0.7562,False,0.7960,0.7322,0.5816,0.8369
2019-20,15,0.8667,0.7985,False,0.7937,0.8271,0.5816,0.8476
2019-20,20,0.8667,0.8004,False,0.8167,0.9264,0.5816,0.8687
2019-20,25,0.8667,0.7482,False,0.7871,0.9824,0.5816,0.8824
2019-20,30,0.8667,0.6573,False,0.7890,0.9727,0.5816,0.8824
2021-22,10,0.5975,0.5537,False,0.6270,0.7400,0.5926,0.7157
2021-22,15,0.5975,0.6841,False,0.6670,0.7003,0.5926,0.5764
2021-22,20,0.5975,0.3582,False,0.5854,0.6761,0.5926,0.5698
2021-22,25,0.5975,0.3579,False,0.5667,0.5681,0.5926,0.5683
2021-22,30,0.5975,0.3473,False,0.5454,0.5552,0.5926,0.5651
2022-23,10,0.8689,0.8787,False,0.8786,0.9503,0.5808,0.9278
2022-23,15,0.8689,0.7199,False,0.8738,0.9638,0.5808,0.9272
2022-23,20,0.8689,0.6926,False,0.8735,0.9718,0.5808,0.9270
2022-23,25,0.8689,0.6910,False,0.8982,0.9665,0.5808,0.9268
2022-23,30,0.8689,0.6931,False,0.8929,0.9613,0.5808,0.9266
